{
  "candidate_id": "r1_c48",
  "strategy": "donchian_breakout",
  "params": {
    "lookback_window": 15,
    "breakout_buffer_bps": 0.0
  },
  "origin": "mutation",
  "parent_ids": [
    "r1_c09"
  ],
  "sharpe_ratio": -8.361380697896127,
  "total_return": -0.8010895114043014,
  "max_drawdown": 0.8060191356991712,
  "trade_count": 1867,
  "signal_count": 1943,
  "final_equity": 1989.104885956985,
  "win_rate": 0.24795640326975477,
  "rank": 34,
  "selected_for_next_round": false
}