{
  "candidate_id": "r4_c02",
  "strategy": "donchian_breakout",
  "params": {
    "lookback_window": 58,
    "breakout_buffer_bps": 40.0
  },
  "origin": "elite",
  "parent_ids": [
    "r3_c41"
  ],
  "sharpe_ratio": 2.5582193750943087,
  "total_return": 0.36790169386893173,
  "max_drawdown": 0.22953926077332318,
  "trade_count": 99,
  "signal_count": 105,
  "final_equity": 13679.016938689318,
  "win_rate": 0.5428571428571428,
  "rank": 5,
  "selected_for_next_round": true
}