{
  "candidate_id": "r4_c40",
  "strategy": "rsi_reversion",
  "params": {
    "period": 16,
    "oversold": 32.5,
    "overbought": 80.0
  },
  "origin": "mutation",
  "parent_ids": [
    "r3_c15"
  ],
  "sharpe_ratio": -2.851265842417252,
  "total_return": -0.3170345545857057,
  "max_drawdown": 0.4006611465977681,
  "trade_count": 547,
  "signal_count": 3725,
  "final_equity": 6829.654454142943,
  "win_rate": 0.5478260869565217,
  "rank": 45,
  "selected_for_next_round": true
}