{
  "candidate_id": "r5_c49",
  "strategy": "donchian_breakout",
  "params": {
    "lookback_window": 70,
    "breakout_buffer_bps": 60.0
  },
  "origin": "mutation",
  "parent_ids": [
    "r4_c05"
  ],
  "sharpe_ratio": -0.1524468692847306,
  "total_return": -0.09102923691885753,
  "max_drawdown": 0.29302639560014343,
  "trade_count": 71,
  "signal_count": 71,
  "final_equity": 9089.707630811425,
  "win_rate": 0.45714285714285713,
  "rank": 25,
  "selected_for_next_round": false
}