{
  "candidate_id": "r5_c36",
  "strategy": "atr_breakout",
  "params": {
    "ma_period": 97,
    "atr_period": 13,
    "atr_multiplier": 2.25
  },
  "origin": "mutation",
  "parent_ids": [
    "r4_c32"
  ],
  "sharpe_ratio": 2.286326883267032,
  "total_return": 0.06451980995769539,
  "max_drawdown": 0.0700969507538988,
  "trade_count": 131,
  "signal_count": 587,
  "final_equity": 106451.98099576954,
  "win_rate": 0.3728813559322034,
  "rank": 34,
  "selected_for_next_round": false
}