{
  "candidate_id": "r1_c17",
  "strategy": "rsi_reversion",
  "params": {
    "period": 14,
    "oversold": 30.0,
    "overbought": 70.0
  },
  "origin": "seed",
  "parent_ids": [],
  "sharpe_ratio": -1.0269246322666856,
  "total_return": -0.02434135492843416,
  "max_drawdown": 0.07820256377265761,
  "trade_count": 303,
  "signal_count": 3505,
  "final_equity": 97565.86450715658,
  "win_rate": 0.5986394557823129,
  "rank": 26,
  "selected_for_next_round": false
}