{
  "candidate_id": "r1_c19",
  "strategy": "rsi_reversion",
  "params": {
    "period": 21,
    "oversold": 30.0,
    "overbought": 70.0
  },
  "origin": "seed",
  "parent_ids": [],
  "sharpe_ratio": -0.7281552166915348,
  "total_return": -0.018903161378345103,
  "max_drawdown": 0.10488955613644288,
  "trade_count": 160,
  "signal_count": 2236,
  "final_equity": 98109.68386216549,
  "win_rate": 0.6447368421052632,
  "rank": 24,
  "selected_for_next_round": false
}