{
  "candidate_id": "r1_c43",
  "strategy": "rsi_reversion",
  "params": {
    "period": 6,
    "oversold": 22.5,
    "overbought": 70.0
  },
  "origin": "mutation",
  "parent_ids": [
    "r1_c04"
  ],
  "sharpe_ratio": -16.871798990866676,
  "total_return": -0.8069246846378475,
  "max_drawdown": 0.8069246846378475,
  "trade_count": 3411,
  "signal_count": 9745,
  "final_equity": 1930.7531536215247,
  "win_rate": 0.33560864618885095,
  "rank": 43,
  "selected_for_next_round": false
}