{
  "candidate_id": "r2_c22",
  "strategy": "donchian_breakout",
  "params": {
    "lookback_window": 60,
    "breakout_buffer_bps": 50.0
  },
  "origin": "mutation",
  "parent_ids": [
    "r1_c49"
  ],
  "sharpe_ratio": 1.7107260895581875,
  "total_return": 0.2775572396150332,
  "max_drawdown": 0.2281439503344034,
  "trade_count": 112,
  "signal_count": 115,
  "final_equity": 12775.572396150332,
  "win_rate": 0.5106382978723404,
  "rank": 3,
  "selected_for_next_round": true
}