{
  "candidate_id": "r2_c17",
  "strategy": "price_moving_average",
  "params": {
    "period": 9,
    "entry_threshold": 0.0015
  },
  "origin": "elite",
  "parent_ids": [
    "r1_c36"
  ],
  "sharpe_ratio": -5.443450583391341,
  "total_return": -0.5216731797811731,
  "max_drawdown": 0.5467687116013701,
  "trade_count": 893,
  "signal_count": 1116,
  "final_equity": 4783.268202188269,
  "win_rate": 0.3161094224924012,
  "rank": 43,
  "selected_for_next_round": true
}