{
  "candidate_id": "r4_c50",
  "strategy": "atr_breakout",
  "params": {
    "ma_period": 78,
    "atr_period": 22,
    "atr_multiplier": 2.5
  },
  "origin": "mutation",
  "parent_ids": [
    "r3_c10"
  ],
  "sharpe_ratio": 3.1326346728718777,
  "total_return": 0.09025198157864914,
  "max_drawdown": 0.06567600688582294,
  "trade_count": 128,
  "signal_count": 582,
  "final_equity": 109025.19815786491,
  "win_rate": 0.3559322033898305,
  "rank": 26,
  "selected_for_next_round": true
}