{
  "candidate_id": "r4_c03",
  "strategy": "donchian_breakout",
  "params": {
    "lookback_window": 55,
    "breakout_buffer_bps": 50.0
  },
  "origin": "elite",
  "parent_ids": [
    "r3_c46"
  ],
  "sharpe_ratio": 1.8602854929804726,
  "total_return": 0.312977035593614,
  "max_drawdown": 0.22814395033440357,
  "trade_count": 116,
  "signal_count": 118,
  "final_equity": 13129.77035593614,
  "win_rate": 0.5510204081632653,
  "rank": 5,
  "selected_for_next_round": true
}