{
  "candidate_id": "r4_c34",
  "strategy": "moving_average_cross",
  "params": {
    "fast_window": 18,
    "slow_window": 100,
    "entry_threshold": 0.0015
  },
  "origin": "mutation",
  "parent_ids": [
    "r3_c13"
  ],
  "sharpe_ratio": -2.8256300115870774,
  "total_return": -0.3033455140540048,
  "max_drawdown": 0.39602580288373024,
  "trade_count": 731,
  "signal_count": 20427,
  "final_equity": 6966.544859459952,
  "win_rate": 0.2845528455284553,
  "rank": 43,
  "selected_for_next_round": false
}