{
  "candidate_id": "r4_c40",
  "strategy": "price_moving_average",
  "params": {
    "period": 7,
    "entry_threshold": 0.003
  },
  "origin": "mutation",
  "parent_ids": [
    "r3_c40"
  ],
  "sharpe_ratio": -2.563624191363204,
  "total_return": -0.3176344754036091,
  "max_drawdown": 0.46369465648698055,
  "trade_count": 340,
  "signal_count": 440,
  "final_equity": 6823.655245963909,
  "win_rate": 0.33620689655172414,
  "rank": 38,
  "selected_for_next_round": true
}