{
  "candidate_id": "r4_c33",
  "strategy": "moving_average_cross",
  "params": {
    "fast_window": 18,
    "slow_window": 80,
    "entry_threshold": 0.0025
  },
  "origin": "mutation",
  "parent_ids": [
    "r3_c12"
  ],
  "sharpe_ratio": -2.6280166813276282,
  "total_return": -0.28737862362248495,
  "max_drawdown": 0.37225814124842344,
  "trade_count": 694,
  "signal_count": 15881,
  "final_equity": 7126.21376377515,
  "win_rate": 0.28448275862068967,
  "rank": 39,
  "selected_for_next_round": false
}