{
  "candidate_id": "r2_c16",
  "strategy": "rsi_reversion",
  "params": {
    "period": 5,
    "oversold": 20.0,
    "overbought": 80.0
  },
  "origin": "elite",
  "parent_ids": [
    "r1_c14"
  ],
  "sharpe_ratio": 0.5261106114128881,
  "total_return": 0.010560346311386092,
  "max_drawdown": 0.07092593507002407,
  "trade_count": 894,
  "signal_count": 4387,
  "final_equity": 101056.03463113861,
  "win_rate": 0.6442953020134228,
  "rank": 37,
  "selected_for_next_round": false
}