{
  "candidate_id": "r2_c17",
  "strategy": "bollinger_mean_reversion",
  "params": {
    "period": 50,
    "stddev_multiplier": 3.0
  },
  "origin": "elite",
  "parent_ids": [
    "r1_c47"
  ],
  "sharpe_ratio": 0.5046291765689848,
  "total_return": 0.01258164056487818,
  "max_drawdown": 0.09028735997398503,
  "trade_count": 62,
  "signal_count": 139,
  "final_equity": 101258.16405648782,
  "win_rate": 0.6491228070175439,
  "rank": 38,
  "selected_for_next_round": false
}