{
  "candidate_id": "r3_c35",
  "strategy": "rsi_reversion",
  "params": {
    "period": 19,
    "oversold": 25.0,
    "overbought": 77.5
  },
  "origin": "mutation",
  "parent_ids": [
    "r2_c32"
  ],
  "sharpe_ratio": -1.0403452459940041,
  "total_return": -0.1341280229457925,
  "max_drawdown": 0.3513981195262521,
  "trade_count": 333,
  "signal_count": 1220,
  "final_equity": 8658.719770542075,
  "win_rate": 0.6025641025641025,
  "rank": 24,
  "selected_for_next_round": true
}