{
  "candidate_id": "r3_c21",
  "strategy": "donchian_breakout",
  "params": {
    "lookback_window": 53,
    "breakout_buffer_bps": 30.0
  },
  "origin": "mutation",
  "parent_ids": [
    "r2_c21"
  ],
  "sharpe_ratio": 0.09851669209843725,
  "total_return": -0.024778730129779797,
  "max_drawdown": 0.3294090965892939,
  "trade_count": 165,
  "signal_count": 178,
  "final_equity": 9752.212698702202,
  "win_rate": 0.36065573770491804,
  "rank": 12,
  "selected_for_next_round": false
}