{
  "candidate_id": "r2_c16",
  "strategy": "rsi_reversion",
  "params": {
    "period": 15,
    "oversold": 35.0,
    "overbought": 70.0
  },
  "origin": "elite",
  "parent_ids": [
    "r1_c35"
  ],
  "sharpe_ratio": -5.872719258005823,
  "total_return": -0.4861862665433558,
  "max_drawdown": 0.495008186577652,
  "trade_count": 1529,
  "signal_count": 7134,
  "final_equity": 5138.137334566442,
  "win_rate": 0.5195195195195195,
  "rank": 41,
  "selected_for_next_round": false
}