{
  "candidate_id": "r2_c30",
  "strategy": "moving_average_cross",
  "params": {
    "fast_window": 23,
    "slow_window": 100,
    "entry_threshold": 0.0025
  },
  "origin": "mutation",
  "parent_ids": [
    "r1_c13"
  ],
  "sharpe_ratio": -1.7107723008335927,
  "total_return": -0.15608700311737667,
  "max_drawdown": 0.19559195887340858,
  "trade_count": 417,
  "signal_count": 14849,
  "final_equity": 8439.129968826233,
  "win_rate": 0.3132530120481928,
  "rank": 22,
  "selected_for_next_round": true
}