{
  "candidate_id": "r3_c42",
  "strategy": "moving_average_cross",
  "params": {
    "fast_window": 34,
    "slow_window": 104,
    "entry_threshold": 0.0
  },
  "origin": "mutation",
  "parent_ids": [
    "r2_c22"
  ],
  "sharpe_ratio": 4.981200569532182,
  "total_return": 0.09608898387925248,
  "max_drawdown": 0.046986638967272336,
  "trade_count": 142,
  "signal_count": 13538,
  "final_equity": 109608.89838792525,
  "win_rate": 0.36231884057971014,
  "rank": 3,
  "selected_for_next_round": true
}