{
  "candidate_id": "r3_c35",
  "strategy": "rsi_reversion",
  "params": {
    "period": 6,
    "oversold": 20.0,
    "overbought": 70.0
  },
  "origin": "mutation",
  "parent_ids": [
    "r2_c08"
  ],
  "sharpe_ratio": 1.4847558592403407,
  "total_return": 0.03206858906647481,
  "max_drawdown": 0.03774600141548796,
  "trade_count": 818,
  "signal_count": 5090,
  "final_equity": 103206.85890664748,
  "win_rate": 0.6683046683046683,
  "rank": 37,
  "selected_for_next_round": false
}